[
    {
        "name": "大厅1",
        "x": 300,
        "y": 100,
        "content": [
            {
                "template": "computer",
                "ip": "192.168.1.2",
                "port": 1699,
                "state": false,
                "online": false,
                "mac": "00-00-00-00-00-01",
                "name": "主机",
                "volume": 60,
                "videos": []
            },
            {
                "template": "computer",
                "ip": "192.168.1.3",
                "port": 1699,
                "state": false,
                "online": false,
                "mac": "00-00-00-00-00-02",
                "name": "触摸机"
            },
            {
                "template": "projector",
                "ip": "192.168.1.21",
                "name": "投影1",
                "online": false,
                "state": null
            },
            {
                "template": "projector",
                "ip": "192.168.1.22",
                "name": "投影2",
                "online": false,
                "state": null
            }
        ]
    },
    {
        "name": "大厅2",
        "x": 300,
        "y": 200,
        "content": [
            {
                "template": "lights",
                "ip": "192.168.1.252",
                "port": 10000,
                "items": [
                    {
                        "template": "jyboard",
                        "board": 1,
                        "port": 1,
                        "state": false,
                        "name": "大厅射灯"
                    },
                    {
                        "template": "jyboard",
                        "board": 1,
                        "port": 2,
                        "state": false,
                        "name": "大厅灯条"
                    }
                ]
            }
        ]
    },
    {
        "name": "大厅3",
        "x": 300,
        "y": 300,
        "content": [
            {
                "template": "sanboard",
                "ip": "192.168.1.251",
                "port": 10000,
                "items": [
                    {
                        "template": "jyboard",
                        "board": 1,
                        "port": 1,
                        "state": false,
                        "name": "交通路网"
                    },
                    {
                        "template": "jyboard",
                        "board": 1,
                        "port": 2,
                        "state": false,
                        "name": "教育资源"
                    }
                ]
            }
        ]
    }
]